"","return.annually","max.drawback","vol.annually","sharperatio","calmarratio"
"1",0.0951183075314399,0.192187815326034,0.113810035950966,0.835763794788896,0.494923714961211
